Workbook

Sheet بيانات المهام
A1: الرقم | B1: الإدارة | C1: الموظف | D1: المهمة | E1: الشهر | F1: تاريخ الاستحقاق | G1: الحالة | H1: نسبة الإنجاز
A2: TSK-0001 | B2: الشؤون التنفيذية | C2: موظف تجريبي أ | D2: إعداد عرض تقديمي | E2: يناير | F2: 46401 | G2: قيد التنفيذ | H2: 0.25
A3: TSK-0002 | B3: الشؤون التنفيذية | C3: موظف تجريبي ب | D3: تحديث قائمة جهات الاتصال | E3: يناير | F3: 46396 | G3: متأخر | H3: 0.1
A4: TSK-0003 | B4: العمليات | C4: موظف تجريبي ج | D4: إعداد تقرير شهري | E4: يناير | F4: 46406 | G4: مكتمل | H4: 1
A5: TSK-0004 | B5: العمليات | C5: موظف تجريبي ج | D5: مراجعة محضر اجتماع | E5: يناير | F5: 46406 | G5: مكتمل | H5: 1
A6: TSK-0005 | B6: العمليات | C6: موظف تجريبي د | D6: مراجعة مسودة إجراء | E6: يناير | F6: 46409 | G6: مكتمل | H6: 1
A7: TSK-0006 | B7: العمليات | C7: موظف تجريبي د | D7: متابعة طلب شراء | E7: يناير | F7: 46399 | G7: مكتمل | H7: 1
A8: TSK-0007 | B8: العمليات | C8: موظف تجريبي هـ | D8: مراجعة مسودة إجراء | E8: يناير | F8: 46411 | G8: مكتمل | H8: 1
A9: TSK-0008 | B9: العمليات | C9: موظف تجريبي هـ | D9: مراجعة محضر اجتماع | E9: يناير | F9: 46411 | G9: قيد التنفيذ | H9: 0.85
A10: TSK-0009 | B10: الاتصال المؤسسي | C10: موظف تجريبي و | D10: تجهيز مواد اجتماع | E10: يناير | F10: 46414 | G10: متأخر | H10: 0.5
A11: TSK-0010 | B11: الاتصال المؤسسي | C11: موظف تجريبي ز | D11: إعداد ملخص تنفيذي | E11: يناير | F11: 46414 | G11: مكتمل | H11: 1
A12: TSK-0011 | B12: المشتريات | C12: موظف تجريبي ح | D12: تحديث خطة التدريب | E12: يناير | F12: 46396 | G12: مكتمل | H12: 1
A13: TSK-0012 | B13: المشتريات | C13: موظف تجريبي ط | D13: إعداد تقرير شهري | E13: يناير | F13: 46398 | G13: مكتمل | H13: 1
... A176: TSK-0175 | B176: الموارد البشرية | C176: موظف تجريبي ك | D176: أرشفة المراسلات | E176: ديسمبر | F176: 46731 | G176: قيد التنفيذ | H176: 0.85

Sheet لوحة المؤشرات
B2: متابعة المهام الشهرية — نموذج تجريبي
B3: إعداد: نجلاء العتيبي · جميع البيانات في هذا الملف وهمية بالكامل ولا تمثل أي جهة عمل.
B5: إجمالي المهام | D5: المكتملة | F5: قيد التنفيذ | H5: المتأخرة | J5: نسبة الإنجاز
B6: =COUNTA('بيانات المهام'!A2:A176) | D6: =COUNTIF('بيانات المهام'!G2:G176,"مكتمل") | F6: =COUNTIF('بيانات المهام'!G2:G176,"قيد التنفيذ") | H6: =COUNTIF('بيانات المهام'!G2:G176,"متأخر") | J6: =COUNTIF('بيانات المهام'!G2:G176,"مكتمل")/COUNTA('بيانات المهام'!A2:A176)
B9: الإنجاز حسب الإدارة
B10: الإدارة | C10: إجمالي المهام | D10: مكتمل | E10: قيد التنفيذ | F10: متأخر | G10: نسبة الإنجاز | K10: مكتمل | L10: =COUNTIF('بيانات المهام'!G2:G176,"مكتمل")
B11: الشؤون التنفيذية | C11: =COUNTIF('بيانات المهام'!B2:B176,$B11) | D11: =COUNTIFS('بيانات المهام'!B2:B176,$B11,'بيانات المهام'!G2:G176,"مكتمل") | E11: =COUNTIFS('بيانات المهام'!B2:B176,$B11,'بيانات المهام'!G2:G176,"قيد التنفيذ") | F11: =COUNTIFS('بيانات المهام'!B2:B176,$B11,'بيانات المهام'!G2:G176,"متأخر") | G11: =IF($C11=0,0,$D11/$C11) | K11: قيد التنفيذ | L11: =COUNTIF('بيانات المهام'!G2:G176,"قيد التنفيذ")
B12: العمليات | C12: =COUNTIF('بيانات المهام'!B2:B176,$B12) | D12: =COUNTIFS('بيانات المهام'!B2:B176,$B12,'بيانات المهام'!G2:G176,"مكتمل") | E12: =COUNTIFS('بيانات المهام'!B2:B176,$B12,'بيانات المهام'!G2:G176,"قيد التنفيذ") | F12: =COUNTIFS('بيانات المهام'!B2:B176,$B12,'بيانات المهام'!G2:G176,"متأخر") | G12: =IF($C12=0,0,$D12/$C12) | K12: متأخر | L12: =COUNTIF('بيانات المهام'!G2:G176,"متأخر")
B13: الاتصال المؤسسي | C13: =COUNTIF('بيانات المهام'!B2:B176,$B13) | D13: =COUNTIFS('بيانات المهام'!B2:B176,$B13,'بيانات المهام'!G2:G176,"مكتمل") | E13: =COUNTIFS('بيانات المهام'!B2:B176,$B13,'بيانات المهام'!G2:G176,"قيد التنفيذ") | F13: =COUNTIFS('بيانات المهام'!B2:B176,$B13,'بيانات المهام'!G2:G176,"متأخر") | G13: =IF($C13=0,0,$D13/$C13)
B14: المشتريات | C14: =COUNTIF('بيانات المهام'!B2:B176,$B14) | D14: =COUNTIFS('بيانات المهام'!B2:B176,$B14,'بيانات المهام'!G2:G176,"مكتمل") | E14: =COUNTIFS('بيانات المهام'!B2:B176,$B14,'بيانات المهام'!G2:G176,"قيد التنفيذ") | F14: =COUNTIFS('بيانات المهام'!B2:B176,$B14,'بيانات المهام'!G2:G176,"متأخر") | G14: =IF($C14=0,0,$D14/$C14)
B15: الموارد البشرية | C15: =COUNTIF('بيانات المهام'!B2:B176,$B15) | D15: =COUNTIFS('بيانات المهام'!B2:B176,$B15,'بيانات المهام'!G2:G176,"مكتمل") | E15: =COUNTIFS('بيانات المهام'!B2:B176,$B15,'بيانات المهام'!G2:G176,"قيد التنفيذ") | F15: =COUNTIFS('بيانات المهام'!B2:B176,$B15,'بيانات المهام'!G2:G176,"متأخر") | G15: =IF($C15=0,0,$D15/$C15)
B18: الإنجاز حسب الشهر
B19: الشهر | C19: إجمالي المهام | D19: مكتمل | E19: نسبة الإنجاز
B20: يناير | C20: =COUNTIF('بيانات المهام'!E2:E176,$B20) | D20: =COUNTIFS('بيانات المهام'!E2:E176,$B20,'بيانات المهام'!G2:G176,"مكتمل") | E20: =IF($C20=0,0,$D20/$C20)
B21: فبراير | C21: =COUNTIF('بيانات المهام'!E2:E176,$B21) | D21: =COUNTIFS('بيانات المهام'!E2:E176,$B21,'بيانات المهام'!G2:G176,"مكتمل") | E21: =IF($C21=0,0,$D21/$C21)
B22: مارس | C22: =COUNTIF('بيانات المهام'!E2:E176,$B22) | D22: =COUNTIFS('بيانات المهام'!E2:E176,$B22,'بيانات المهام'!G2:G176,"مكتمل") | E22: =IF($C22=0,0,$D22/$C22)
B23: أبريل | C23: =COUNTIF('بيانات المهام'!E2:E176,$B23) | D23: =COUNTIFS('بيانات المهام'!E2:E176,$B23,'بيانات المهام'!G2:G176,"مكتمل") | E23: =IF($C23=0,0,$D23/$C23)
B24: مايو | C24: =COUNTIF('بيانات المهام'!E2:E176,$B24) | D24: =COUNTIFS('بيانات المهام'!E2:E176,$B24,'بيانات المهام'!G2:G176,"مكتمل") | E24: =IF($C24=0,0,$D24/$C24)
B25: يونيو | C25: =COUNTIF('بيانات المهام'!E2:E176,$B25) | D25: =COUNTIFS('بيانات المهام'!E2:E176,$B25,'بيانات المهام'!G2:G176,"مكتمل") | E25: =IF($C25=0,0,$D25/$C25)
B26: يوليو | C26: =COUNTIF('بيانات المهام'!E2:E176,$B26) | D26: =COUNTIFS('بيانات المهام'!E2:E176,$B26,'بيانات المهام'!G2:G176,"مكتمل") | E26: =IF($C26=0,0,$D26/$C26)
B27: أغسطس | C27: =COUNTIF('بيانات المهام'!E2:E176,$B27) | D27: =COUNTIFS('بيانات المهام'!E2:E176,$B27,'بيانات المهام'!G2:G176,"مكتمل") | E27: =IF($C27=0,0,$D27/$C27)
B28: سبتمبر | C28: =COUNTIF('بيانات المهام'!E2:E176,$B28) | D28: =COUNTIFS('بيانات المهام'!E2:E176,$B28,'بيانات المهام'!G2:G176,"مكتمل") | E28: =IF($C28=0,0,$D28/$C28)
B29: أكتوبر | C29: =COUNTIF('بيانات المهام'!E2:E176,$B29) | D29: =COUNTIFS('بيانات المهام'!E2:E176,$B29,'بيانات المهام'!G2:G176,"مكتمل") | E29: =IF($C29=0,0,$D29/$C29)
B30: نوفمبر | C30: =COUNTIF('بيانات المهام'!E2:E176,$B30) | D30: =COUNTIFS('بيانات المهام'!E2:E176,$B30,'بيانات المهام'!G2:G176,"مكتمل") | E30: =IF($C30=0,0,$D30/$C30)
B31: ديسمبر | C31: =COUNTIF('بيانات المهام'!E2:E176,$B31) | D31: =COUNTIFS('بيانات المهام'!E2:E176,$B31,'بيانات المهام'!G2:G176,"مكتمل") | E31: =IF($C31=0,0,$D31/$C31)
B34: ملاحظة: هذا نموذج عرض. أُنجز النموذج الأصلي أثناء العمل، وأُعيدت صياغة هذه النسخة ببيانات غير حقيقية بالكامل لحماية سرية جهة العمل.
